0,1,2,3,4,5,6,7,8,9,10,11,12
-0.03301492512390934,-0.656152940970077,-0.285688302038648,0.1373146400578701,1.6809639332475526,0.008405836729835723,-0.24797001913508088,-0.42821687258777835,-0.04823735661337637,-1.7322551655953955,0.051993121740969823,0.32083063180673416,0.36790896785399
-1.9206213505810816,0.007580478692135213,-0.2764074375375376,-0.17983893320601593,-0.41407096743832345,-0.7480659054975293,-0.23906420709008488,0.8399707064590826,-0.8962422064442253,0.33690201364202854,-0.5797045100300628,-0.09659670838532461,0.04124467226802224
-0.6396869195056804,1.8902544265137744,-0.46687981073465834,-1.197196266087182,0.38405110993104363,1.41990646546769,1.8178452791447077,-0.28721692025886825,-0.2921942463808188,1.5720367323156588,1.2292642792062147,-0.7413062440949502,-0.3764767847418911
-1.3659449818763207,-0.5509775384088899,-0.04373766670638926,-0.6768916838542902,0.21435001903941026,-1.399550336214825,-0.39752429344534934,0.04003450684933977,-2.0149397133319256,-0.7607864089950181,0.6598630482458696,-0.3444446103019641,-0.34547235099489
1.1678978472268304,-0.4295348167342403,1.365653985942825,0.5874571453401494,-0.3370084827393661,-0.821794019101248,1.4075341025754406,1.056177441774469,0.6129944594093002,-0.3984604959528215,1.3279130622574449,-0.7226953839027975,0.4991817421382005
1.1378315885897676,-0.2196678502122441,-0.8320965141306674,-3.0828684271348825,0.9561555668744613,1.105357011562562,0.9368151017604885,-0.533031320800163,0.43932433842909463,0.21337111254246793,0.7798338189207062,-0.8465113208203064,0.05163375050779096
2.787215713857085,-1.0334923669048033,0.632482130626025,0.11527114996537038,1.0373885931916673,0.2871812332753106,-0.22348978341244258,0.05469508851991362,-0.34093781411537694,0.15886577906663463,-0.07258774412273838,-0.6334483742012618,-0.46489819299319474
4.0381032078633305,-2.080373805099448,-0.23647468323165655,2.467542402515267,-1.0480640110894404,-0.8901845865276781,0.7028449882683684,-0.7043073988538258,0.15608125810919468,0.2760802519162918,-0.9261929238709417,0.5525294537282593,-1.080220358583206
-0.930249287690426,1.7890153766793337,0.6355069599752393,0.5083381196219731,-1.074952239361637,-1.1680666243533293,0.36610716275333316,1.0979784155065198,0.6698595966790486,0.04317440470698231,-0.1841076258076269,0.1138697338719713,-0.509885878846295
2.4672780030314807,-0.9073378125252659,0.6365716559113997,-0.6880459901613992,0.2586371078052505,-1.4558401921221158,0.2935478174686168,-0.8965635824850605,-0.041257512264300064,0.5533482940040467,-0.5573768227058542,-1.1743244912193762,0.8263910821156256
-3.0809304267789344,-1.6407238741617738,-0.7373469190314389,0.008417640235875865,-0.15109367385369668,-0.1817671087709213,-0.14417195720040704,-0.36982511021920067,0.17453543943857872,0.5188090347056171,-0.4091417732948514,-0.5535735571105468,0.2509684217484305
3.3449259692373836,-0.46995571140411524,-0.7144043723278583,0.2018739946347399,0.4990114358322644,1.5626614003375334,2.228381084986756,0.24391896704371754,-1.151571403591137,-0.9816543130673366,-0.12826818862619813,-0.6876129332788021,0.07353558624460516
-0.6156012163570292,0.4447521985307884,-1.818707869889846,-0.9499870489176943,-1.7336562399400224,0.27564454501274804,1.2777093381052296,0.5000321873263698,0.3757905004912481,-0.040031036471523944,-1.0620766223801297,0.527745953878926,-1.0177898112931174
-1.2791871065633482,-0.026036619938695993,1.242785736783726,0.722795701593673,-0.894705909999526,0.2742790848695688,0.16097146783492852,-1.0975022790166393,0.16410985232781491,-0.0711083438089749,0.04356412163691403,-0.8301698768063019,1.0068604650535917
-2.1612509168317993,0.473036964679544,-0.6268130677328658,-0.07114500058564682,1.727242336577606,-0.03877958724522176,-0.3473474776928356,-0.08604798348235054,-0.7950553257369146,0.29163472401672474,-0.6604319401743877,-0.3387906833104871,-0.12431208241624833
-0.972468050754087,1.8276032393953157,1.5571771088658772,-0.5452208188477775,0.8683854393848609,0.41952855180015175,-0.3127815554877858,-0.16739694229930696,0.5987302593043824,-0.35063092785518796,0.008507410061502576,0.0487520433724143,-0.12014134605699064
-0.1798346564744043,-2.024427950950752,0.9152471770495979,0.5318043543673658,-0.33600327246244993,0.49799378351419776,0.6572862487892329,0.057156255416468967,-1.1740152695603412,1.094176009408066,-0.1631887478288554,0.5677647202929038,0.2801017175780349
-1.3291468939597988,-1.6432183150418733,0.6634267689643419,-0.08075645971511619,-1.2013123931172158,0.5408959551698195,-0.5528559216299502,0.9508345390272807,-0.35894487362960864,-0.008409737601762998,-0.8040932123861393,-0.5587132088508491,-0.6806727195025151
2.750454507000294,0.17358820610372505,-1.6202708882535575,-1.133525630812263,-2.709985711699736,0.29234129522843905,-0.056117615410460925,-0.832127298513228,0.5476995185193988,-0.8334478018898057,-0.30874019654328344,0.7553759830824008,-0.5882621662866827
-2.3893402812036113,-1.1273761369627895,0.046994894789501925,-0.42534843129527244,-0.09855841177112926,-0.2887672922970312,-0.0255132776250195,0.0011321776897417308,0.0031775851103649205,-0.009653218084489986,-0.6735938132509623,0.10984063524469395,0.16375463339342547
-1.1690463955992954,0.8053703991965752,-1.8214955755442517,-1.2924118105668219,-0.08518958760237208,1.7191766085756808,0.815705124558375,0.8867610068450527,0.28113433139490723,-0.3940189066662015,-0.38449011329800864,0.3873602113382963,-0.5854520795307577
-1.2290840261598701,1.1080551343335616,-1.285410340360314,-0.3222825937112643,0.5345813379970844,0.1118577836745572,-1.2797094935210251,0.9857858297239636,0.4919691996226868,0.7729251976000171,-0.4102221639754982,-0.17340110441851395,0.3207622159768991
-0.3948995676334042,0.06814530049010098,-2.8623741443840482,-1.3281575063098945,-1.1058536044606992,-0.7694083276849738,1.3998978057744473,0.7431309374645242,1.3050092268695705,-1.0068545365536783,0.044165743676592546,-0.5125087257345243,-0.38989135396147495
0.10182162101564206,-0.3502313999573903,1.9582397690807756,0.6920919510771769,-1.02047734033733,0.5437463907370145,1.212442539584306,1.3391327593641824,0.49374697476529605,0.48392290197600574,0.8446757289438653,0.5179315343363559,0.7164021771303078
-0.9647396364974617,1.4790214989488735,-1.3416390388503234,0.5618740282979051,0.5491219973069199,-0.22939728632367787,-0.7942912029940904,2.1009115653409443,-0.6859433874989549,0.7596538260368126,-0.798023711517888,-1.3993714564856548,-0.35240123222064873
-1.8595388803381048,0.7732152253432267,0.3134797259689129,1.3855673180799286,-0.5762983111100511,-0.4842338995571485,0.6679645230509095,-0.31496661151667354,-0.2704121334945432,0.008135750763482167,0.2879973587402941,-0.50740459630567,0.9572394423699222
-0.0362964800943775,0.32039577389671425,2.1657228678227423,1.2072455251984515,0.028991309583010466,1.8196298520115328,-0.12864336351063604,0.04252078227001128,-0.4564629011486755,-0.96999136268649,-0.06059848119658928,-0.07460713646477268,-0.5794147130798676
4.258119553936497,0.9466819545796388,-0.7506547329290857,2.231616540057851,-1.6825451556462767,0.3515047890900537,-2.0644212019278205,-2.5776377228741905,2.6569059712703442,0.06339773402901742,0.10406955999059408,0.6816832206674189,-0.6200062907153052
-0.6027300694534798,2.096114849056201,-0.0019441629697089713,0.30162481966428295,-2.266709733251734,-0.7210129308341514,-1.4688468841443243,-0.12257820467723829,-0.21821303308797996,1.6786982126751284,0.6798188422879021,-0.20260099436328163,-0.45104149929242365
-0.5587211650968138,-1.4039714594804356,-0.7826891711677584,1.1130657941395665,-0.44072722749224075,-0.8050012276395201,-0.45098037221149234,-0.5730199374113933,-2.188188635877329,-0.38956088568604963,0.37919037878814643,-1.4088196923374543,-0.08031322469625367
-1.80574543731671,-0.12957862122390465,1.2582378067706141,0.11791644476344204,1.8345703848967323,0.7229527691085145,1.0089035985097174,-0.559353650389548,0.3366061048039692,1.2032287524102945,1.0502908622324718,-0.2301015881837198,-0.31939830188885854
0.8240182044698131,1.2664980723475712,-0.4048766286114934,3.553556557688872,-2.4565496566411356,-0.16124522117803344,0.030586278733400845,0.5561882830227852,-0.8060534793482196,0.515629545246218,-0.14213785407000507,-0.6029449230459064,0.22323879520625303
0.9385119210289264,0.1545241320999048,-1.234899375985509,-0.44829346161036954,-1.2010232429825316,0.5174464716859092,2.4990800788701613,1.0673184038537995,-0.4202323318072478,0.840799461056385,-0.6197592101396955,0.2800732954069736,0.31064066989179967
1.7259977818757763,-0.33091892486253704,0.23089388151989132,-0.5422577374309634,1.515307382108683,-0.5853811688694995,0.3085511495779996,1.9442809209770548,0.40023575661070754,0.012264145062989494,-0.014419552940331471,-0.8581417740868333,-0.9498286065263074
-1.2598124987817376,-0.8528042201416153,0.5008518442330769,0.26186531654917566,0.4678007528400176,-0.5482963228841359,0.62619302241024,-1.4482265096615294,-0.47097860414314224,-0.6444431271551581,-1.3985425566758887,1.1065019593841963,0.699498252911376
1.9998308866257082,-0.44237869456784384,0.890919341803808,-0.611640780325376,0.6734807760377338,-1.6960607431177885,0.7994513976654973,-0.23119742861281056,-0.9911536883995704,0.00700452757048846,-0.22168062664699603,-0.20387068512635328,0.7083468041823244
2.0722648461103175,0.15766937395591618,-0.4485438762025183,-0.2618410337699264,1.7391815891118794,-0.7318444780221837,0.24830264828934798,0.5741996117176339,0.753037613724833,0.1214546886773921,0.09728304490003015,-0.16581425834985417,0.8664377999727837
-0.047157743849977604,-2.320557228878924,0.13409124052069982,0.3919610634500819,-0.1156267713757342,-0.4754503380729278,0.12137648541772633,-0.7283693480974421,0.13214184226991918,-1.522339364564374,-0.41790171301058265,-0.627381764214173,0.16814124761582577
2.4715319332180132,1.6660515964471898,0.8136095291978561,-0.2419613873574326,-0.738857778673153,0.4828858518090999,-1.8281630222747383,-0.02985727406312079,1.453689919828279,-0.699879780944924,0.7882116174215114,-1.2905089925753332,0.6958013217850972
-2.9107475747058666,-0.6018493730512509,0.872409711847921,0.31514241620551126,-0.3328424124079702,-0.09480667853279343,0.5626701236317302,-0.8018483696118931,0.9446997578946632,-0.015292204150886276,0.26713190174890267,-0.659103921225767,-0.0341664403186512
3.1651178759235403,0.12697028756662787,-0.15663227707158053,-0.298542839244315,0.9729144513733238,-0.4610076868443445,-0.6749868419702468,-0.5629268583526653,0.4483677295435989,0.7043092349344394,0.006861232485409052,0.3971124517430425,0.028668162261182135
0.8444996210628093,-3.2382156707555465,0.34681480861392155,0.4420914293168369,0.26323882756645484,-0.3936110649376383,0.9849201344789597,-0.48668578845611504,0.4460118768927761,-0.02487476238928561,0.022413844886710287,-0.8674030283734511,0.07446901650966453
-0.49244684043855697,1.8563436550220465,0.8125794097585458,0.35791135244683303,0.632636608499914,0.01017143253696637,-0.3780800853850074,-0.6228287311884708,0.5490787843870873,0.3775993730356765,-0.5072887863343434,-0.89925684826637,-0.8935949949281835
3.182967920840995,-0.573131566355503,0.2830388370972887,-0.23386967532020642,0.7065996428108706,0.1259785669000358,-0.8801780066435668,-0.7353660268916317,0.09832962998214226,0.6748979810883214,0.09686955661202945,0.14999928675651145,-0.31666153493556226
-2.5654467111438106,-1.3033401666845321,0.021421137298567546,-0.12675129546023328,-0.2129274762418155,-0.11693668827501166,-0.19806343895050624,-0.10003434239894882,-0.9190709399537355,0.34037308856326154,-0.5498632963318824,-0.75595031512561,-0.051642053142138954
-1.9438242284201832,-1.1132786217536372,-0.7968509412096533,-0.4883739158852369,0.3501208132463043,-1.4186033135425276,-0.2721006886871959,-0.37000770124277543,-0.8210999769794748,-0.5667083025612377,0.6810533002205539,-0.4865214913214676,-0.042603492087833796
-0.502055009850852,3.2211953587957685,0.5103007942325184,0.5291148106055868,0.9950574606393741,-0.8649157887632669,0.2735075059177421,0.821277308054219,0.21696082272423722,-0.09613471025618658,-0.45806529575512,-0.009957367323480907,-0.7680808444921907
2.635040371802026,-1.3318273756332737,0.539225754428396,0.13195201180498597,-0.527934474488721,-1.0309918722003413,0.01948546604278176,-0.752357966019335,-0.4721096194363073,0.46463439855376976,0.05508536852002611,1.081082409458096,-0.666483024688146
-0.4646263390716741,0.9561030322636015,1.257484528640782,1.1435619445638832,0.623079986189408,0.9908193736665103,0.3320476598258976,0.09348137213949285,0.5956806274253161,-0.8886804231354419,-0.25122199710683446,-0.16238260793468942,0.21457615550381479
-2.062319643155537,0.8996275284075368,1.2293537603403504,0.2058830428027497,0.8092010141340559,0.9084740247775691,-0.2018886812870426,-0.16019162497041045,-0.17167249992992997,-0.27845106576182393,0.6820334323354358,0.21675104680654753,-0.6532805623578762
2.216017286612221,-0.9391625496841145,1.1661871138822029,-0.6939354540863606,-0.393914745503871,-0.6561105060187119,0.23231751286493582,1.4282214366872115,-0.7955377537372769,-0.16285361678532312,0.33166593956163976,-0.550976174327118,0.8550704128267814
-1.4620241517234713,1.0209378266419853,0.93026363942743,0.20347399877963943,0.7107694381019951,0.6386687053720892,0.08461448749009279,0.5324969572730511,1.5127616615646187,-0.5272182090340918,0.07798723984030143,0.026646275634855054,-0.41731097740366485
-0.5489708252796218,0.7646692761263947,2.443197041423912,-1.1414405493772772,-1.8443253488543385,0.5376365400889148,-1.082117767902662,-0.02543114027849475,0.20770211358788018,0.0038785161040541002,0.4801960068525949,0.34778019105188174,0.037155371719465015
-0.2275255778912457,0.12831336784551275,1.1489700941958765,0.9509389829497574,1.3825942820692867,0.905181458072741,1.3775236975368843,0.28069568008768525,1.2835300294948009,0.5495922604212301,0.4248992261698218,-0.24288582449111004,0.7611763134704398
1.634790029130702,-0.5265260237322893,-0.7676726601419713,1.1015529758112592,0.8024231740531994,-0.2777020512973847,-0.4094829950627217,0.03684751880507108,0.8014446425925429,-1.2908337891682111,-0.9390951694769112,-0.43357383697880797,-0.8090705874678901
-2.082321308754941,-1.144991895086692,0.6359545786910392,-0.49523581947988016,-0.2276249867460435,-0.05465253018700835,-0.12184801448029312,0.16129899694028624,-0.7409062098859777,-0.13348319053334895,-0.7226927420212286,-0.12229631976124669,-0.09507799114451948
-0.7330532442044032,1.5724190821457213,-1.0049420968612575,0.14784898427080417,0.2525332014601961,0.029321916347871044,-0.9812557043706669,2.460332585502009,-0.21772006921007642,0.3327985471349716,-0.4685269559664338,0.13193473066633674,-0.3232421263369609
-1.0039502817167296,0.7766969481108181,-1.6747839059951828,-1.0002555125389405,-0.5972130224423857,2.0843706650091507,0.4155472936226529,1.332952551009331,-0.8486136417091823,-0.08860829840612916,-0.12773853596667434,-0.3061477746388386,-0.9538664080960159
2.1654170138501194,0.35695630503021464,-0.35199551302997756,-0.10954333422258469,-0.27223160419083126,0.45692512212591385,-1.848670181542284,0.15781892236162112,0.8596986987956313,-0.5391148949675011,-0.4930109427111484,0.1388903761913519,0.20092949959816492
0.7821680151246208,0.41656850712322474,2.1863957345011844,-0.18856392637366495,-0.9080522171630385,0.11159683211969076,0.24415905778840544,-1.3997922972791437,-0.015345052105138408,1.3505973364003867,0.780803668758191,1.5286983940365715,0.7311518574974838
-1.441126301690427,-0.8377806942482173,0.9913104847573382,-1.3149197344210433,-0.49922677746014504,0.06384998273262696,-0.5924694580243568,-0.0362518164176995,0.05841880237565613,-0.19935316544019593,-0.7658133466923807,0.48574419118929124,0.3793767062966183
3.08105632971108,-1.0403430849073683,1.3500472360946434,-0.7602347842035645,-0.8048856249683873,-0.5603974272332708,-0.4128724855340264,0.18093374037900636,-0.8462100387822108,0.39876162461416786,0.0026216008058311912,-0.6374575758537255,0.3260636666773797
3.0754709029358853,3.154103315950866,0.6637349687939297,0.08497218922013766,0.6172193800360115,-1.4472808533957235,-1.177066626823144,-2.786617179973071,0.3184443240048524,-0.33199226924434666,-0.23708342610407704,0.19825640307962147,-0.4264989469208519
-0.6938294503812443,3.1703393717565707,-0.5373270971041219,-1.5593710222697776,-0.3222871454160443,1.2848011009349127,0.4689842715044874,-0.8141470342619743,-0.48275463460438217,0.45913099742761093,0.4354318703817782,-1.1753937345065926,-0.16877126535881717
1.011268160131409,-0.3415202831736458,1.4582029964717445,0.6473409761314763,0.3453398005739688,-1.3178575315793437,1.6863972694510103,-0.42531466073093277,0.07837481034477553,-0.29102000326891414,1.0375750042561667,-0.2829985244759895,0.12554666566164746
-1.3728237775852339,0.3632350445549518,-1.0041230102005385,-2.6645466237002173,-1.137396173277899,0.7059849657337074,0.5751915359599329,-1.2954404635089505,-0.1949241113446874,0.25900405339666976,-0.5796895941659846,-0.12450429362325541,0.6146260275795109
-2.1462950591815573,0.45447887370309437,-0.5926065151161417,-0.31964516941046395,2.272125647274723,-0.39833861873329174,0.12869065762858672,-0.47810786705053315,0.19089236518089953,-0.04077697976654609,-1.1485319818016935,-0.14999066753007637,0.16314028932489436
1.1196288983383509,0.5049675035123495,-0.8777017530522827,-2.383668441301388,-1.5996576799861946,0.4171417289953219,0.32711350488585866,-0.5737999816048233,-0.5744905223224968,-1.5024678677064744,0.5398876963460775,0.777552770017976,1.0978244787481504
-0.11015200743291727,-0.5336722191304276,-0.5488055282996989,0.24201795958024852,0.42753833805434355,0.8433098312792219,-0.8770953880184964,0.6800030339869919,-0.7808028090363569,2.6727099008987176,0.11169326907951194,-1.1957525527090045,-0.8061890748319575
-0.6539340497111695,3.1247468949452704,0.2457979681818372,-0.4694857582706563,-1.3955229932069637,-1.4746155946400217,-0.7979456828876106,0.39333798664456615,0.2632731951335182,1.0408342589656319,0.33195684997475317,0.0030027836530860364,0.5786412846217608
-2.7338431445456846,0.6328709529915288,0.7063487436725733,0.4432263814884167,0.05091394847119557,-0.9325737159715651,0.715115654828724,-0.7730553985244984,-0.3447325910354386,0.2897004524586613,0.09044762779088211,-1.0867710235594492,-0.05253455193261499
1.444591695807713,0.1046470116523665,-0.15966086835966575,-0.07489406800540643,0.5480232742472356,0.15157612385247918,-1.2276890462596846,0.07606875877008895,-0.031089864618258457,-1.3001313455497674,0.03661506289455752,0.590123938780284,0.06967262149337689
-1.4133725190178035,-1.2467656136043255,-0.9047285979319064,-0.7923393579565744,0.5554719755609079,-1.7033079817621746,0.2669316156207192,-0.02889227392140698,1.66774042791521,-1.1786940940657131,-0.10200377158928287,-0.11674720720651541,0.37960369017489043
0.7318661223809183,-1.3242478487501965,0.08511706709037264,0.1925988220233694,1.3666950185573543,0.6112136187497775,-0.07367811368419575,0.4499276437423239,-1.1456228935040653,-0.0161954553254809,1.4397767349711783,0.6634777451550814,0.07226128416821004
2.243384368902959,-2.054874383087576,0.9041536381944565,-0.005630794196738512,-0.4781990530645132,-0.4958365102322944,0.0523126632158826,-0.6652447538731114,-0.5624871247631827,0.3147933917297794,0.1259014159135983,0.21314651743731797,-0.40757857621009835
-0.11887556184463861,4.046560909465541,0.030813190867112213,-1.3809585026815356,0.4755903377952085,0.34129440451862136,1.4346731389939995,-0.7635632287059252,-1.0227767393561724,-0.2884199072855759,-0.31696434336198415,-0.09087165889901982,-0.8814723560349932
2.4995219031855016,1.4361801008574726,-2.775525647129357,-0.32322914354951265,0.4851800990473958,-0.12915297824394636,1.928163253313052,1.3116696295662675,0.3469883448670513,0.041063959305636714,0.394381064787822,0.44705152893719274,-0.266899779091181
3.259916289109663,1.4507681123203198,0.6444542806914523,-0.7595132109855005,0.22411592527883434,0.3784727005324268,-0.9496199429044647,0.8020769850680837,0.531681135369593,1.7240188009768689,-1.2978467333881438,-0.42995510862228153,1.1306130022496508
-0.5386846113069212,-0.5259876374260598,-2.5764982538726713,-1.9797207077761902,-1.9395643006364085,0.2911630479768648,0.3125007564195329,0.46921774886445483,1.3762881334323367,-0.7418242043401586,0.9604213132915862,0.10896976655359344,-0.02964149820462513
-2.0580282255511366,-0.9454582929128115,-0.16016772016590192,-0.3278511687904052,-0.5583057289536842,-0.2113288428133329,-0.22420514536304667,0.7099456263719794,0.35313374728772934,0.0306159372740516,-0.5847547356463473,0.23174364558448088,0.1330897622715355
0.5496680076724133,1.4027181196715348,0.889762713838097,1.6720207939566936,-1.748958088163435,0.769293828539615,-0.38516452553130265,1.9368228093027886,0.1600847844233217,-0.34731863196179674,0.1953237008774208,0.23420263360045376,-0.33479763903679255
2.422008696135575,1.8471957770497875,1.478582244355866,-0.2388613664598599,1.8633389471094126,-1.0276329206551398,0.4265750232509802,-1.7700790341924086,-0.2910212450829888,0.317221014654155,0.8067297311222525,-0.22672184167945417,0.29206565483566255
0.20514916973466282,-0.23604688029281337,1.8167500731471644,1.3570272125688336,-2.5340513445733293,1.1262953043428559,-0.26594284792160894,1.013932612850281,0.3384979342836256,-0.689205930800201,0.2708768007502719,0.9558929280475045,-0.5412287296791252
-1.0796655827674655,-0.23535671941195868,-1.2773004743010146,-0.1889538073321297,0.9148561877124171,-0.12903734021167065,-1.1730213204095763,0.9030504228811722,-0.31550636526112785,-0.596561536920598,1.052379588276985,-0.20352397092043256,-0.5228480230554878
1.5614691173056083,-3.045712796645373,0.3691729918361205,0.7868162958708688,1.0002367100812304,1.2289675565986575,0.10344355942341607,-0.037691140790596885,0.38601166623432304,-0.07173604138887858,0.2848827016730272,-0.9118584045099783,-0.7755727095275481
-0.640384346564861,-0.2088197772967925,2.0913182726442736,1.1926730462066513,0.7400265594482731,1.6810459151125576,0.3381171282454805,-0.716541612775727,-0.15314303807035623,-0.9734991214880979,-0.43103150102443794,-1.1176421058079922,-0.2143432151954686
-1.5624395792322923,0.13404887814509223,-0.39477249661040037,-0.1545052235343782,1.3035238707066643,0.29530105954279023,-0.35850226925727835,0.6327242570062751,0.29845509493915523,-0.05606246409744225,-0.9524496063843949,-0.36160661087447826,-0.1575647412666694
-2.32910493802843,-0.5087476138273441,-0.19554352807167358,-0.48467805901859506,0.10911935451811469,-0.7651878519796079,0.10733367256642615,0.04735304416235942,0.06757897960248171,0.007472752062137214,-0.7372667237491829,0.4568626238646506,0.3209769624524895
-1.9419220660908143,0.47081241309635075,1.4875764964800262,-0.10413623599767236,-0.22295821213860992,-0.5918118804320646,0.7888622062872275,-0.12718286237855392,0.8678977017872673,-0.5305513574713663,-0.18680084151315424,-0.009095406301939283,-0.044127532158613834
0.9191158862973624,3.6041920450909872,1.5791942131282761,0.5961943485484047,2.5338187660299107,-2.002532713549708,0.7238935507655915,-1.6380023015459115,-3.307790928479197,-1.6858153356414813,0.3366439579504105,0.5417505247565875,-0.6297953471017217
2.2454004778033836,1.036303386051246,-3.2243707539597897,3.3014241987072466,0.17452666497284436,-1.2070000987250344,-0.7272567255027569,-0.2814545794625466,-0.30391681497771716,0.017024991163668225,-0.5169610816894068,-0.10113421755219011,-0.3634529123594976
-2.171544256907489,-0.2135509200786517,-0.5703163613873979,-0.030061993546992186,-0.14088172641204766,-0.9431916395546275,-0.11833952386645993,0.0021483870452849822,-0.6147730573200922,0.49305760444800406,-0.6786340456187104,0.14445511560365248,-0.08941919250139335
1.3057404178564458,-2.2916508088024283,0.9542678092387059,0.25284824939041683,-0.5310411782503993,0.030620299281899323,0.49913345652639707,0.6745256680150006,-0.49673693360237964,0.02917666809173975,0.2981286597944312,0.44414245172635447,-0.12033072450542598
-1.2812986271639382,2.100087394291583,1.4339678208187825,-0.15417606093255362,1.2447468362912806,0.03068021416356523,0.26944348583984457,0.25553840775509823,0.24495519110161168,-0.707813261939739,0.030725002130766677,0.7233536252711118,-0.43815160038931367
-3.27711975033493,-1.1636400477981395,1.3516376704329056,0.13908879637644878,-0.48638910266697544,0.5190276473831732,0.26444817284394223,-1.1955413851409138,0.30354291333506805,-0.11064249947778543,0.7975249379928073,-0.03149698414868424,-0.22208272596583675
-0.4276206840984991,0.7438782249537854,-3.376319880391902,-0.06354405258220201,-0.7164964262082683,-1.0651317646725693,1.4829899285540755,-0.8310124090253129,-1.2956654280357252,-0.5522543034323721,0.42768088737449084,-0.25415464604738636,0.21638154900871326
0.5055296399045125,-0.22900150172329484,-0.6599331846549339,0.010351213274147172,0.5869454961129652,0.39043588933641565,-1.3355821590938828,0.18663952044259327,-0.21576002019896182,-0.9912626984025713,0.5624716781543555,-0.1407016918457099,0.5988563633041852
1.7719800138066217,-0.6737426243163703,0.36306495170024256,0.35070160123296484,0.022236068045503606,-1.41859660450911,0.660025157686959,0.5905701042101497,-1.637980321166655,0.1789080483348841,0.37075216628933033,0.4117846900013347,-0.19078565801079872
0.08202861635301982,-1.0799470901645254,-0.25584786647028257,0.25029534149944194,-0.7566959767254171,-0.5076907865107095,-0.10899660527761174,0.9641260855228078,0.6223922416069695,-1.358130549330656,-0.21156881612255926,0.40059538560405006,0.7350973262871628
-0.4650058998813438,0.4856177096290351,-0.6256642848746317,1.261936339163585,0.6620790043791666,0.5419743811683604,-0.7083315487571508,-0.23372371928548832,-1.4242413043893503,0.18838563465647615,-0.6783555106814892,0.7752599386623219,-0.2917532216267585
0.49987861498042246,-0.4643819667625584,1.360797381588162,-1.2412758017903525,0.5493514759899797,1.433171140951217,-0.6433821804544337,1.648537797353158,-0.14609559818152706,1.0599417903506252,0.10180167250262129,0.6404642153612644,-0.23940302822888984
0.2205752704910467,1.0258664714882157,-2.749176080284191,1.356456399236488,0.37573964686430456,-0.7529363480152333,-1.043076519568656,1.5941322558104387,-0.12590921411409087,-0.2655670268722256,0.7625497289887979,-0.33897966695980053,0.403221308718334
2.8622916780455965,-0.6451189134179249,-0.3651632180225334,-0.6813497708689834,0.09164881612646601,-0.11362890312591192,-1.4876267458703356,-0.26887756038064864,1.4466745095808666,1.3183204484515199,0.3485817563087886,0.8404018261377455,-1.7182749009856775
-0.829926260259922,-0.5654906166021338,-0.4326271236891272,-0.3520039922305908,-0.3919995857720658,-1.3091467798674132,-0.5840546054213311,0.8095812131659488,-1.2594197685939716,-0.6156499580736073,0.5144775557396727,-0.6395713375028946,-0.5221130105977343
-2.873998956468884,-0.5156385726898629,0.8404941562731993,0.023426072507197398,-0.9784860767300663,0.37587291876551754,-0.43128837200855474,-1.1656405459700998,0.1782825684217855,0.6679228607346012,0.9088704428048442,-0.838961894956795,0.13961756293337815
-1.7538716050570387,0.5333746217741633,1.3014812395555881,0.3355779053889313,-0.5047964213697222,-0.5770689230073942,0.6132284362349606,0.10981552780393171,0.17826237368559383,-0.11977255002774306,-0.2570621836179733,-1.0373732852455189,-0.35337798962001815
-0.13058767096711865,2.4366792938091413,0.5647971000829349,0.7475148626264543,0.11965258132185652,0.5488461274767774,-0.45892839171661226,0.5741262504255098,0.33861010079036363,-0.1899543713017971,0.28049438998085763,0.10427788854931874,0.9006185400180802
-0.6407273689555583,1.8450693391335056,-0.0180828243079083,1.9275034284808343,0.4621626949573559,0.259002367730305,0.036858966931185934,-0.2030856685359326,-0.2764886347485307,0.12604516051071418,0.0531281412791994,-0.2437393474883491,-0.14654980532853742
1.2162033644854477,1.6820127042869397,1.2816085460756967,-2.608636347793099,0.7503189514329537,0.4547274208717089,-1.4224292610990068,0.6941412505280186,-0.35330886772481196,1.654179862107049,0.2022180645072177,1.5211475503465992,0.9087461157847145
-1.6786431940094952,1.1882069092178327,2.085368897979853,-0.6723418194102743,-0.6222857185591851,-0.3345627573093563,-0.17273637570854153,-0.6086153789809621,-1.100176673198903,-0.027338460775922942,0.46791171217333716,0.2344679750740451,-0.02141510962226199
-0.2476554670946094,1.3285762816284743,0.9465042998250971,-0.050251866428993305,-0.5056145209707112,-1.7829563256374839,0.274913466986798,0.9202728106331476,-0.3647992216778268,-1.1500663886247342,0.9317542486361095,-0.7853402558077082,-0.65246089892826
-1.3934506527871107,0.6817629017625574,0.0876932443145117,1.4468628111155677,0.2756052863243499,1.1717736255807534,-0.03996145592303243,0.16036565323586827,1.1463239308708402,-0.34958569395245115,0.5844956319027603,0.18479897113616903,0.5745878013271117
3.0163819276832924,1.2011307844385803,-0.3188801446373267,-3.2831183897069547,0.409561413751601,0.5687240251596847,0.2546000208600653,-0.9249967762390361,-0.5364854128031734,0.6547043137959071,0.24929250204961959,-0.40345810888417705,-0.709852402483271
2.811105241530416,1.7575861381067461,-1.625548831902719,-2.060792763417475,-0.2546282909574471,0.6649225076363549,-0.14808946873747886,-0.6564901440655859,0.686488729561294,-0.9669125085652255,-0.7313775677645493,-1.4347564138647082,0.8632581967994525
4.731235232904779,2.4053402938421695,-1.9178747173422948,0.8502281385074862,-0.2597925063750124,-0.10034258397892712,2.048234150471985,-1.4080930961041243,2.285008749210099,0.4169293862471076,-0.06708818561235685,-0.7464202829391788,0.2401027865956743
-3.0999239503465934,-0.44334684578189154,0.7704818831064498,0.4633810802227258,-0.8480779116051927,0.22613369048386245,0.018888130236527117,-0.5296877650810781,-0.1190784408402769,0.311890289601377,1.003663275685673,-0.24180694708988834,-0.26227961766214664
1.1342133049935383,-1.0762415972062842,0.30584591645000025,-0.6864149536986036,1.4445938783982044,-0.006324994924686935,0.22537529312944568,2.0534203479143804,0.6432559659142278,-0.08291464330746902,0.33141759250555625,-1.1967189982115551,-0.5903921671257306
3.746873040337968,-0.6818109222520011,0.4377406231106592,-0.5226768885020899,-0.5451062456855107,-1.5284481453510157,-0.5675763151300403,-1.995243121242267,0.23722082025961871,1.2921981222004235,-0.8322480880711229,-0.5104731602084482,-0.045390957119473614
-2.6955304579146295,-1.1891396033500947,0.18275754845160722,-0.5423938466024332,0.25276987920671945,-0.36572735458391864,0.0923743260146703,-0.5644872300253674,-0.3070665062835789,-0.04469344350467313,-0.6377651852376536,0.27498577566863525,0.20709773582480642
-1.1915763663817265,-0.18673708530218733,0.9314202323642534,-1.1558265442887958,1.5033386461441003,0.7653715838773212,-0.6882056172365981,-0.5306932468226497,-0.13578816848530761,-0.3031194881989469,-1.1302719255942106,-0.3145528341189373,0.04865215682143728
-2.289341853021993,-0.7783836134959019,0.4807338951621013,0.5745497894936427,-0.45269380555587363,-0.38090393667179917,0.7051465806446954,-1.2223041393844691,2.5018906838143122,-0.04218089212720976,-0.2987957932336544,0.045916242417656905,-0.4679127931585991
-0.03553287803856352,-0.7510819448101854,-0.8726662249977021,-0.06261907240456566,-0.39881760925519566,-1.113416639896135,-0.555447435387777,-0.4033044506269112,0.21538188260231053,-0.794097973802192,0.1921030987051179,-0.163815790774078,1.1381254923231203
0.5765711006047106,0.5476475119769297,1.1227922516657027,1.0919544707935114,-0.6387422835481407,-0.6155543725976904,1.547490778343087,0.663004224961839,1.1167988723605287,0.8250379842553014,0.20701572163440407,0.9953907176470811,0.40386987185552903
-2.2142193143501103,-1.2804199375506429,0.6776466857337823,1.3770116790513887,-1.2929232670141881,0.9709319085817515,0.18480321709187986,-0.8847785290140767,0.8627577446367646,-0.22328368530856596,0.7987330912799386,0.3825286994947359,0.5232484399825365
2.835424502709377,-1.011604626425126,-2.0754315808237074,0.6955218609763879,0.2212349525027839,1.4733057437329258,1.9647581039092281,-0.8144322257098565,0.47159381258107336,-0.46626256545869904,0.295452273108532,0.9610895851355372,-0.2120531758870725
0.36217269006681035,-0.35617280153564546,-0.05832798021963822,2.6634921848953073,0.5159852250458392,1.3983168213421084,1.064324993823835,-0.3052399681302003,1.3972847408101314,1.0067808616488054,0.7222809249618296,0.1906240613666693,1.1086637364393186
1.8375037717277318,-1.1723050148926046,0.6118314296094255,-0.3661776573268546,1.0653456248541322,0.6816722361860327,-0.45602536068722876,0.08143645340633138,-0.4485322787611405,-0.0074252346616972675,0.8983270803044078,0.5616323299927136,0.12858981195917524
-1.1404707005216652,-1.891053567575079,-1.9456106024467634,0.29338703912199293,0.28034902472986045,-1.6591284559361308,0.29457201876375005,-0.25607504145586496,0.14294241470674998,1.6923905087455424,1.3322383580298034,-0.504109829777397,-0.4195334974897779
1.3113245610482571,0.9338365730385951,-3.461093659204495,1.5154272899968313,-0.8003431288586534,1.2901240485393004,0.5624700536713548,-0.18124693775139702,-1.4343334713448768,-0.5609616804777403,0.3361752811202385,0.12676121509487753,-0.04172545649920772
-0.26959496218851114,-1.0546360401262243,0.08914784544939525,-0.5209077908420018,1.426732012325386,0.04650673769205697,-0.6006362402954092,0.030729643422718382,0.22750355243830964,-1.3761958163417016,-0.11371502130559008,-0.493499785663698,-1.020552167937753
0.37484584089044165,-0.9621788839719947,-0.020462212964942633,-0.8215256458439301,1.0078194453342428,-2.183649873398362,1.0322477439631088,-0.14595374335131275,0.3439310506418141,0.26753377722144844,0.18856960609710152,0.8436690550411545,-0.5190968561285878
2.341622290217962,-0.05356528572416943,0.30486472299135003,-0.17640519650447772,1.2462067755387598,-0.004202689362174279,0.1152328706892157,1.2224079698772028,0.24297446618619437,0.2212218626117414,-0.29861318519657143,-0.8586908355304719,0.6529371188671197
0.3897922884711584,0.23271386630778587,0.61311483082649,-1.791214989607795,0.4361378056036411,0.5594041952412673,-2.0771964278657014,-0.11255950501148577,-0.1741590958601652,-0.6229399491543992,0.39953361537679083,0.7565246219432037,-0.20947231171873448
0.2275595557498186,-0.5315246097284047,-0.5909155389881909,1.4765010947125723,0.1759698888729218,1.2822601599258951,-0.5432918604521186,0.856189093194795,-1.816448911813434,1.990756848984494,0.6589362006099926,0.7090609809674968,-0.4721316101931916
-2.636145851543588,-0.25673293750782883,-1.2344054722375246,0.07538313756524817,1.2345424322003824,0.4761899038608134,-0.6775705213135305,0.008044487574514826,0.25531272073513045,0.45132895401533457,-0.11831898714267963,0.20219363553481728,0.0004761309565735525
-0.5173657373554934,-1.2636248456674684,0.9298136224692909,-1.6626217652949715,-0.4666451069788016,-0.4491218703851842,-1.0260583179901106,-0.052587223437627166,-0.572553078881386,-1.2215101241950228,0.6198406980970198,0.4720608574416029,-0.08719863899909791
2.988760306414642,-1.2859634812064173,1.287597609703981,-0.6309542531591111,-0.4548631946525831,-0.7366408271294373,-0.1458875950208716,-0.3425366283765768,-0.6762481620391756,0.4641660994942516,-0.38476314445663906,-1.2743906681405266,0.30085026827935885
1.3891225430431942,0.0625294615808791,-0.4960022593263612,-1.1480696630221268,0.25741004532591616,2.1998675725865717,1.576232519620761,-0.20308009197828317,-0.22826079088885154,0.6411524405226421,-0.5139441926467216,0.4915786708793981,0.13394053678700005
-2.697129621602141,-1.0318488168362594,-0.4626042279644921,-0.12074266821371521,-0.2670997831901305,-0.32071688472834053,-0.23968197141560185,0.02464731166404289,-0.4126739440136588,0.4233802919546008,-0.3522073090664415,-0.161466001097923,0.14025759552674558
-3.1066965394742265,-1.6866404182632715,-0.8677504270326202,-0.004939604557070501,-0.5497097755038072,0.07716575061681658,-0.4342757474610107,-0.045271971703563,0.34093834006099094,0.5394119432328693,-0.010177164051465069,0.08020677990792832,0.22903511596373463
-0.9351892411147755,-0.18580224438931994,-0.0007707266516072876,-0.7861616334670481,2.1350153876894153,0.051356645418923076,0.6875341011225616,0.7000992102681666,0.9513497643632418,0.9531642452875952,-0.2050017755397605,1.223309572697554,0.2439366907132722
0.8397943133402594,0.3398083977026861,-1.350974131977638,0.7407013570583436,0.32677322943826353,-0.10496558447944418,-0.9466866232632587,1.5044235069144636,0.3026813921542193,-1.1681496408195637,0.4494291384063414,0.5206533251279271,0.12329277168531572
0.0258815140091518,-2.315581701277737,-1.8026842053480963,1.666145255957229,0.14196995868559217,-1.4046296385695305,0.3842861575486973,-2.1352306867205084,-0.8356738612691692,1.6628127519106457,0.9120087086808376,0.3268551680414897,-0.7414042146233012
1.387501649741895,-1.4578071413521962,0.601406946001713,0.37153444277352876,0.8166329985775121,-1.4103905321506607,1.4894490565297502,-0.3318929496927044,-0.33478250198178616,0.1297097773242963,-0.9244609282572999,-0.7397197166725912,0.1322332708630788
1.2422405825028817,-0.3229975299265296,-1.39607035569848,-0.6796001075270223,-2.1245129184408125,0.6803433291969341,0.5887740554694951,-0.6457602272988339,-0.7400495046249412,-0.7977427488460689,-0.27330077277233344,-0.10003667099509687,-0.46786668706726453
-1.7720884219522066,0.4701057535877618,1.6737720530791296,0.013650860845317178,0.907831651880229,1.0836468318481265,0.02743465174030389,-0.1699941713313628,0.529468133011063,-0.6717901360263179,0.2538992431038438,0.05478314608338258,-0.6429478164159818
-2.070123392245018,1.4793375664650577,1.480634443445718,-0.1318569014309368,-0.04649661842353495,-1.0393252081367716,0.6402771577814111,-0.25691759124855634,-0.7375932929241975,-0.27024594392163764,0.2061867556059095,0.48250879847047395,-0.1319653029452643
-1.9598914401658953,-0.9285762854462967,0.7022142156201507,1.6166460461288619,-1.527981223111031,0.9672173011541252,0.09536204750429125,-0.008445024650576437,-0.022241518150957273,0.019299654696346317,0.6900259321672413,-1.1256146664422289,0.5487899133359563
-0.05874301555817232,0.26135905821585254,-1.796639739042673,0.15767746869252924,-0.06261916579193097,1.8693150631134914,1.0583676118284757,-1.143033085273427,-0.4535811090961837,-0.38403490404231305,-1.0182509029273126,0.7952377457288027,-0.8433482482094106
1.393302183016359,-0.7194796886083674,-0.48056412081344446,-3.0366184629441015,-1.114061626358405,0.26345396713184827,0.8995899560185897,-0.7889158246965008,-0.0873021116260808,0.4390749887737272,0.9844381584951755,0.6461645248095965,-0.44794672223998144
-1.670526475109999,0.035457517311993786,-1.1742431130668136,0.9501860018965594,1.102762626374391,0.6550947784268738,-0.45419570756808203,-0.12791802921746365,-0.41984902095769033,0.09573464321932579,-0.2981582778256601,0.3970188743011091,0.8430980014287462
-1.1283610718187251,-0.17171016653082324,0.8277752568250981,1.5863179269633436,-1.1596872196282344,0.13865083515653978,0.3935643710352277,-0.8333874790894812,0.2799741830038796,-0.1540879065350544,0.048425229304658535,0.25412738203010327,-0.02870806244071036
1.6164732970395006,0.9921596891323956,0.8506189579712281,0.7854354260942961,1.4642336242460756,-0.5351348624179079,1.0811522669738995,0.47572755445875686,0.4890105429087972,-0.3515390211150076,1.3063571234311604,0.16035183337835587,-0.05829842251037163
-0.6872855357120378,1.843680657899604,-2.884842381218312,-0.5562177339829362,1.6048580157227819,-2.0271935095923856,-0.9059577894786536,0.571908577715806,1.4942218749923848,0.01799949190418586,0.3668310773107336,-0.20486969921743858,0.7300597975324422
-1.817823001439198,0.7060388552632713,-0.28403853907465065,1.7975564997047802,0.6307859419339276,0.8486726298955494,0.013397487515147835,-0.773804810535531,0.3905145716204236,0.12826412821139044,0.58205830124469,-0.2322327160645534,0.3588949381186808
2.40193738868992,0.16400470693689584,-0.16465797517443623,0.4205105198219666,0.1230221882287113,0.031957340713573236,-1.3483967760073152,0.038562828617871144,-0.012415081379088162,-1.083378582665235,-0.49099923862117234,0.3703881076597267,-0.7795978724945173
-0.41831432578626604,0.031684689311416325,1.4804247004667506,1.1539603270769594,-1.522494623299768,0.4403574731543042,0.43367544160100696,0.6824110289615052,0.7911794005876082,-0.7625047386943202,-0.17331061387471214,-0.040026267618789524,0.31419294107926615
-1.6844485204051665,0.41913843497799497,1.5177869087972424,-0.11161061436954062,-1.113210313849277,-0.00552964078780929,0.2013043576804783,0.7545794045782345,0.8920948910881172,-0.5457529475155841,0.43759183499660803,0.8575057657344823,-0.23557327823442717
-0.224873917371612,-0.732656624576254,-1.9445608391888047,1.5321318786724212,0.16875075933256362,0.3793126945163782,-1.4693333547928213,-0.13970227243409541,-1.030906971124713,-0.1842496076624115,1.1506781303102835,0.15844729276198974,-0.6111538067462232
2.929815526193296,-0.8682859260703685,0.09273811493163414,-0.3013851259644609,0.34337545508770967,0.5326900860125123,-1.0935088554364787,-0.1486846358338486,0.5783620617949441,0.6424488352333139,0.4959611170287989,0.23530940119469837,-0.016749508348863622
0.3274577564282151,-1.1484023015431097,-0.6757752167691229,-0.7963888984955877,-0.9509347396783046,1.2222002921150332,2.5708977552194945,0.07199076931581866,0.12157276566211665,0.4410894063146074,-0.45490253498503147,0.8584865359684187,0.34627719975069404
-1.7839903090403806,-0.9692612483668335,0.34061349487765985,-1.0561604536152112,0.991268889751717,1.3575885586500833,-1.082219469105039,-0.5264932489918153,0.8489775963373252,-0.15095913403490496,-0.43364325412136917,0.4990660547609147,0.17440348345066187
-3.3830223150727843,-1.0380069428805392,-1.5845373647073555,0.17234017978919078,1.725232447329402,0.49289580542816136,-0.4009859031469828,-0.9661655134729689,0.8983629688400937,0.5682977692304775,-0.23075400379943328,-0.24045496373651384,0.22819718101838307
1.25114135730833,-1.0188840158537296,0.588234630370454,-1.3071225400928588,-0.07920088271373703,-1.3353469689771817,0.021532725059401934,0.4769558506328107,0.11975782142872646,0.4790437539351631,0.46756073186160624,0.41567083730927407,-0.4374468813897574
-1.6100577568106067,1.1942630717740723,1.0768963970529952,0.4535040307760108,0.9699471497236598,0.44482149400722104,0.023318201996304338,-0.32739842273123015,-0.024993927203825494,-0.15847975698755729,0.11178081360248626,-0.2591945973862382,-0.8939110955040807
3.275651555057344,0.08915200782691579,-0.38500680958345945,0.4901874407680827,-0.9526390080592426,-1.761810122190965,-0.006438485788614179,1.0971791817017171,-0.28927988455081105,0.8504744229085647,-0.151199217537042,-0.03633356805364698,-0.26536682889802116
-2.199100848079462,0.3183086354100099,0.5941463939266249,0.7923275878244176,-0.8906537348892328,-0.4381966217283982,0.12961110103371049,-0.516611862907669,-0.14555416712433586,0.4828140593458511,0.3954961199665643,-0.24839736921443176,-0.7853669697927006
-2.378363294915714,-0.08462731216700822,-2.006915105275107,-1.285214725672889,-1.2704606213023515,0.7094061612664043,1.182292343623143,-0.0064330589427485825,-0.4096045530220575,0.0982953028835285,-0.004758167301822545,0.4740789150026414,-0.15405417709738753
0.10963792769958133,-0.5147842374733433,-0.4290296285647257,0.43997851674985705,1.0819262615522192,0.27603905722967864,-0.6764076871799777,0.26170555310030186,-0.8196362572288273,-1.3884219735520829,0.39946781166301987,-0.16154053237212243,0.14738161323790305
2.0416800394503447,-0.7948829343482399,0.0349363785392276,0.275413785282137,-1.317893613407033,-0.8267588286420479,-0.7076048182234361,0.5683842657417943,0.41980415601192744,-1.076433941559792,-0.851452094637799,-0.8313398361748044,-0.03039668995096618
-1.2598907671585229,2.2349162634724977,0.6256087828405942,-0.3738796282874285,-0.9827176121236149,-1.1529564156821273,-0.12077459767135224,0.595514846904312,0.7431979399832362,0.24845539926406038,0.3258596583773432,0.5822439864048073,0.44578197551854165
-1.179624447967244,-2.086572627981514,-0.08172551081868393,-0.6587392806786866,1.2180202854190363,0.8282936532249915,-0.828589544817345,0.03198222877605777,0.8238672387816632,-1.4133302980405638,0.5554237988079087,-0.37197572863389683,-0.5849034299219807
-2.2295159580471866,-0.4989058666200036,0.707740813568225,1.1524949946458998,-0.6206725712516604,0.2767641972581982,0.649821468227895,-0.8358211852205791,0.6146947556423356,-0.3492865804267405,0.41250273968077156,-0.094628886029647,0.9740979779825425
0.16909256901755487,0.03697579552480779,0.22450894219635303,-1.1503512523668098,-0.7375381863591365,-1.2785034825615333,-1.1829972881528692,0.3343770807854984,-1.1402740340008026,-0.670499804527365,0.4755800082596999,0.5791980906309847,-0.5178210847750271
-0.13871795324735825,-1.3172437616322332,0.3715904311198208,-0.8130411567599447,-1.059754765133012,-0.4486764929752642,-0.7793723986932769,1.5130627375070442,0.13377088494204226,-1.3990723015212596,0.5090925294426454,0.5502566694261053,-0.6680902187207247
0.42947334654878927,0.9718046765060396,1.1825014943052075,1.7999645043176074,-0.8080094985608368,1.604659341550752,-0.5882135939176097,1.0153415028206068,-0.26495350914655447,-0.380905073127714,0.18276503850421977,-0.04450378531075394,-0.8410742788327468
2.271958520961015,-1.0243589480129263,1.0528918218321675,-0.24759509603616073,0.26936093757345503,-1.3461577247474736,0.3991924065800315,-1.2891368999707622,-1.3756334361441924,0.24499636691071663,-0.08307261045856851,0.8242901478897025,-0.35453749782248617
-0.9965550037439624,-0.3681909634218422,0.15034643274022685,-0.32358208100426544,-0.40920039272651215,-0.7972852192104937,0.05788605106864334,0.4791593475916874,0.7154066843293047,-0.21465376341723857,-1.3850847172619765,0.7894955960480874,-0.3924068339561542
2.8907236047487794,-0.7726384921314401,0.6707351109457174,-0.1611861278648114,-0.32927053191875966,-1.2431836838619086,0.5278308413769431,1.2741768368061628,-0.04941636294244373,0.10992130688236205,-0.5590212558074763,-1.4684093560064422,0.48667573642920064
-0.07310917781453971,-0.9949262795392223,0.03275448254602098,-1.7069709161188995,-0.6422317541349013,-0.8990857245921602,-1.3861689266400292,-0.8664523409835233,0.8522553950613111,-0.5389814266204217,0.25775778541757977,0.2637640490971233,0.20381168733863636
-0.02272057829273852,2.1384736940767213,1.000303746466744,-0.19423256568020716,0.2671181038011345,-2.0600688238098144,1.9513611700447793,1.7373904137051035,1.4546519235368762,0.9379419612960492,-0.15393572050228144,0.2833038621344397,0.3882348226064921
1.6563946274627876,-1.4854078036756626,-0.2883900527208944,0.4832836061219015,1.2387861878218005,0.3028535042549389,0.36475945198927856,1.1610186515260952,0.913953010476642,-0.16745888700650557,0.3080947889155457,-0.5536901044857746,0.12432127470966714
1.2527354214627284,1.5929893931209262,2.0529930102716882,0.2965719596411431,-1.6136179176699559,-0.27708183447242046,-0.4090379482397887,-0.787520595430525,-0.049010654619809045,-0.0382782798245681,-0.8277452513587065,-0.16913034012688635,0.3146065336962014
-0.08377777679743363,-0.6062016813331209,0.24644374131967842,-1.2344321406120549,-0.6243535784649007,1.8877307032795967,-2.687905687950611,-0.2967789843736631,0.8495656697370073,1.0531802081737274,-0.5859975357625072,-1.2562852038281305,0.12920715319759252
2.6415068589719897,-1.3867827891190767,0.3247690370895174,0.3810876749473983,0.27468985025674864,0.9620164486581643,-0.5016113575477196,0.8100909168125825,0.5803816822142724,0.5011522126887561,-0.08651654574707422,-0.550360461913295,-0.3726341774006114
0.3051232846958712,0.3429894775664288,-0.17388476371416584,1.0765287711435725,0.6489942399955736,1.194571785649806,-0.6686009958025975,-0.4323512228807762,-0.8538408400957894,-0.40722263757639704,-0.8728625439818508,0.29673935343470154,1.8391530085035266
-1.3070463509178956,-0.47551730602328457,-1.0204695746804493,0.2274157856987288,-1.1039926898269123,-0.6709378944950352,-0.443739702725349,0.7614153713193311,1.2549284311165503,0.4255343702677294,-0.7738323880247653,1.1314042736221213,-0.48567285960017503
-2.2324262405829267,0.26041445687383097,-0.05499655470383016,-0.36413724253247004,0.2611610537237359,-1.1414885513264534,0.023470917551820385,-0.1268804378016607,-1.55984080167565,0.2904581678730892,-0.6550437985517849,0.2919351139752473,0.0378949678208768
-1.3861552569884859,-2.1563456969649595,0.34444677416301983,-0.9727242896670731,0.13228611462210443,-0.5980668111054784,-0.17939715984599713,-0.18616659980624564,0.2337033318899962,-1.4128827096426273,0.3085833801695522,-0.1371572762595649,-0.1875147982512811
-1.659345321725207,0.7687343011045085,-1.8646864418610083,-0.3037103473562822,0.7615707460491085,-0.01836157435944238,-1.7072704354894446,-0.9674983491192019,0.4084519519372351,1.72001050340447,-0.41635975962226035,-0.927724076798529,0.4624262935800135
0.3758509773860335,-0.03443446161431163,-1.9278911262100882,0.8612565901434417,-0.5346851365248625,2.6793092279432904,1.1370576782988706,-0.32242974859022194,-0.3655317951365714,-0.864009175771312,-0.7540137674349968,0.4389037288719044,0.6976553638753653
-0.14298455963030543,-1.5960180334491476,0.11179226639400841,-1.1579695897488365,0.2861652175502713,-1.1241341715363056,0.5528038571300966,1.1755623584036219,0.6560981319479745,0.033676140182057605,1.0998294172815526,0.8770876010433413,0.09753841344355413
-1.8222464603328332,1.7791221580030143,-0.2121726246954902,-1.0512531812129544,-0.9417472380671117,0.09615391873730275,2.2739597110827856,-0.4740289144866651,-0.13815830594423303,-0.5076800715992743,0.11834846718165026,-0.0822695350962106,-0.39977354320793257
0.8707448910351129,-0.5668849800309691,-0.6625846235252838,0.4487520177381639,0.3601617418797463,0.4141849157754606,-1.6051531451777001,-1.0947610473585152,-0.5137027303768149,-0.6853655432304141,0.5042108004650493,0.9354807957280666,-0.5151200656621835
1.057343186788944,-1.2744334661429193,1.4496720256134064,-0.2079841930669268,0.6006819061783205,2.0186250655559497,-0.21381946474666455,1.127185896908961,-0.3150770329061671,0.731324926169476,-0.38175276366777827,-0.5665692597953229,0.7307626583941206
-2.4966955377877738,-0.48986039989515606,-0.10313224374733684,-0.23899123403944675,0.3031425668761029,-0.8370765447891167,0.11954987644549955,-0.29669184451669567,-1.1134514824920194,0.32367538028012,-0.8136317691522885,-0.5877065562897804,0.13042901897768225
-1.6359690547329873,-1.5849490016541785,0.9700639027625153,-0.6167593395424967,-0.4769570262554265,0.27279921511415534,-0.08488399915761677,0.4975427020032792,0.15386891312615347,-0.48859266014082353,-1.004278559543107,-0.05257528999108119,-0.1719696316074721
1.2928984945713822,-0.5687636802878865,1.7074683351305584,0.6139597953457142,-1.697964340630482,0.5721878813798362,-0.2256478053018229,2.086340998901963,-1.231601220397212,-0.8906835157177688,-1.807898318139273,-0.731792403958762,-0.25130511874685385
-2.242955787355532,0.29099936238640084,-0.32773303530989306,1.2618929122837392,0.4967036983821171,0.6683819456551923,-0.30579189187671585,-0.836262227361137,1.0685625105566228,0.6398405260712033,0.45061536216646614,-0.5345665287088293,-1.0867277460512548
-1.522678547748172,-0.39138223252343407,-0.6605001076226619,-0.2863572063337255,-1.0790124759637578,-0.3918490845849408,-0.9891956791093262,0.2023978223372323,0.07798482125724153,0.9214400400187417,-0.5267091884708044,-0.1860866329576699,0.07943790149426029
-1.3029446911756026,1.5327132236019587,-0.02042623204524801,1.02216913505249,0.11922188658480198,0.9888051234092116,-0.7313700084928167,-0.3316360422371654,0.16051700708637187,0.29517931926069474,0.9865542407711843,0.10607916483234761,0.9556327559481477
1.4045798519106143,0.556436116921775,1.2657060366913855,0.8068794254596292,-1.6001578512812136,-0.644799707322905,-0.38058102745628924,0.31664445305765637,-0.5331997500106885,-1.0110280581619107,0.6334182628483904,-1.615577066902106,-0.12460155899985731
-0.7100265670811307,0.8152202291057382,2.3377132781195953,-0.4359887256502215,0.6091848910397845,-1.1333583366538724,1.7496383454815645,-0.15079092242169434,-0.388070911371087,0.7717112891670221,0.2692353225846217,0.7750444291459191,-0.31806276551474766
1.360756883007731,0.8293807181107795,-0.4625031058117602,-0.7287370215565624,0.9656865808022411,-0.39865003776064756,-1.4175705009461341,-0.8440840875953325,0.31705751551159767,-0.9476937207659005,0.005775624020707203,0.71728074587508,0.8827551428035038
-0.049309467208587296,1.3654631662893035,-2.572046351741328,1.1311794005612488,1.0944428574687117,-1.2006697686578325,-0.6402658180052918,1.1375362228279855,-0.5449648214485658,-0.3795178528627161,0.5112830653539782,-0.6578193291623237,0.7118222604079163
-2.094763674066625,-0.07826688745163299,-0.8450312535452191,-0.16240904298962153,1.436900762566465,0.26580137576774787,-0.3520486340316097,0.21718775787575514,0.8338860856819711,0.03987984879810636,-0.682494913265204,0.16942869250819026,0.06384062779116031
-1.9839483781037959,-0.5088330088016314,-0.02112459506002464,-0.5949904951709079,1.3600152496807552,0.7790232378908116,-0.4351170356267866,0.08733848608574092,0.8163090881596444,-0.46034305751307486,-0.5355004423345466,1.0568751131614904,-0.06230291836393772
-1.7299113051290889,-0.7141584803145722,-1.987155032189978,0.9770175881668425,0.6827376642545087,0.6759522722935508,-1.2161729453284509,-0.023716008741085978,-0.7932974239772429,-0.203909438418608,1.5228597321090112,0.46370187282387154,0.6554775862198344
-1.095668841500489,-0.47427457161407915,-0.5711235114313301,1.4948765827440922,-0.7222624133202852,0.22629683369351739,0.022248587938107616,0.032692240450104056,-1.4752051343785664,-0.3075086862482174,-0.23460610412756894,0.8458592275236289,2.1006031585156433
1.0747283598630502,-1.0535394304431809,-1.1922976536011745,-1.0653481993680396,1.3043582555139954,1.3413661921699376,2.2915910929705423,-0.034600290830628246,0.09940779921647944,-0.7242308275361117,0.49402202794861316,-0.7487568482904354,0.23975793444846755
-0.949586794996593,2.3919613978974255,0.7503583155458372,0.11258252787764589,1.064642815605485,-0.3218361157244593,0.3853522585801246,0.9070868402486157,1.306729130680446,-0.5543163681210463,-0.3110063620276352,0.20711299027745345,-0.25264319368938987
-1.0571437371297272,-0.0759633096446922,0.09587439281872114,-0.48443058122648797,0.08343885280837887,-1.23784125287719,-0.21552051799215247,-1.3812319891389688,-0.28684821305694064,0.574350148807363,-1.6459748865611785,-0.13479567585729732,-0.3319753385610256
0.0405381021978298,0.7672281999774038,0.7132142203578515,0.20023615773756545,0.927086522343955,0.7506070506785101,-0.3385900017513016,0.7907367712799158,-0.98956497806733,-0.9764510343684847,-0.9564794001987017,1.2771124506794576,0.35657492894688825
1.8780730184589267,0.1735221176929215,1.9227497830985676,-0.8898244799591009,0.6693859897758442,1.418503734082405,-0.7529270302595644,0.1663261742074293,-1.4918942892627345,1.0217381652714512,-0.3457719226462524,0.663046505731651,0.6437984199694289
0.4311117845894878,-0.46646056219277554,-0.2260610152610571,-3.675094980741739,-1.5275484381623916,0.7769727310394939,-0.3176383200357361,-1.4510566799778164,-0.22920366257935132,-0.8757713779371996,0.40982227271106186,-0.7817452203794587,0.34999189695921645
-1.205655775095173,-0.4655743167002858,-0.4596980517473691,-0.287287573102891,-0.21933112146824732,-0.7596017640274219,0.4662252951769385,1.593608995052341,-0.22888158748466048,1.8253780866265332,0.3204727753785137,0.5444242559415128,0.2989379101876256
0.7581828093324928,-2.047677192650187,0.6401622494652939,1.0397088852953635,1.0164483918262388,1.4875700729925352,0.30409524965547674,-0.8382153835998308,0.056717705038763166,0.9997482730052234,-0.7331972646105027,0.9561043717981741,-0.8700829149714446
0.37666697007193334,-1.3949332619827381,-0.020006138242326887,-1.542997894208384,-0.25900228515556684,-0.9458546080575713,-0.09630414746147328,1.1949278037288789,1.2231287233479833,0.4202795255689382,1.1459486642977244,0.5789206247086257,0.48589857344554704
-1.3243890391771465,-0.5778758677889518,-0.3200172890013837,-0.14867746095504594,0.07455647892082348,-1.1744630288613316,0.3964263263149266,-0.2854880407342663,1.3454086211678853,-0.05296996121498453,-1.7269533218293085,0.4395632626744453,-0.27449981218331687
-2.111912457257985,1.5579479168367407,-0.6347859344560213,1.1113746103894275,-1.226012616676126,-1.1436173942114856,-0.05189258003305077,0.4905215062161325,0.1438791300900226,0.9871019394608415,0.6938441536788575,-0.02210803012766588,-0.4546032360012455
1.1291345323008073,-1.0093906668584658,1.4200321152108522,-0.05477947662295374,1.2945776342575481,1.3300514065153255,0.17518577843520974,-0.12136123034125765,-0.6309002504031661,0.8677704311983251,-0.9371317629955587,-0.541804026734276,0.3871033169382206
-3.449758859754405,-0.645382825421872,0.05886527078125934,0.7497954589319702,-0.32454194856238816,-0.2971262566369323,0.3729187119374105,-1.5916714615023575,0.7427098780643773,0.5801805478361071,0.6278900978539599,-0.32846170206312364,-0.24478597024103108
0.18697627717253829,-1.2858321972652744,0.5157124283120464,-1.7297236222608443,0.5361023179608724,-1.2783966260507822,0.3022736979280559,0.27615553013921496,0.30902578644839307,0.29724053988700094,0.7838505238155676,0.17251728063816893,0.4660785183871315
3.1115923705848054,-0.48809825477512303,1.2075658324975034,1.242477961013314,0.07584636245908521,1.7071079533452593,-0.12979610828528568,0.6985000752655645,-0.8885147658085459,0.7114673541472705,-1.07131561470232,0.17182165195760005,0.5602838823939315
3.62512677602811,0.41653514165719363,-0.9621987148211972,1.8384352389790934,1.6017763844477262,-1.190450193325969,0.9600490799500468,0.017321039093215605,0.29888804403517777,-0.1161005692397077,-0.7518130678149899,0.7148486730048541,0.1990184130924772
0.21332455871252445,-0.7073749841571522,-0.8993256692151508,1.730327610344853,-0.8823688489124012,-0.841051234821507,0.12685719658564443,-0.76302255264161,0.5782585464163177,0.36865646763747345,-2.031471714361258,0.24411516190933885,-0.575883734651851
-0.15902635856633046,2.10102691502979,-2.7233217666211353,-0.18905196561375934,-0.48134892538107377,1.313751451742552,0.1734550098275033,-0.4978751269239258,-1.5610247409719717,0.5857616851356355,-0.13106026745182997,0.6615986530358695,0.09083160734188912
1.8408771580437688,-2.615769545425935,0.060950071013382456,0.924230511374872,0.9731199907037353,0.8555446776839019,0.12523125598831517,-0.04661368448922782,0.6016866646324006,0.04506228509125481,0.1478881149218834,-0.5593551844791957,-0.915348177300611
2.0769501034081204,2.2617687024096895,0.9132621352921325,-1.2239398889559283,-2.6957660060911506,0.9839815887349164,0.7090483731080207,-1.3251585560871866,0.05806077580984327,-0.06356134761037374,-1.0040832008023985,-1.2105182095971228,0.31611097935826354
1.858579222473165,1.5585778474022827,0.11424464294704989,0.5285065974830793,0.018710176701753796,-0.2840487679068704,-1.1206826738001836,-1.3163700178898172,1.5702843364438808,-0.6957394775883483,0.6401272701535681,0.1721637565104394,-0.12533934683776915
-1.3200528651869947,0.343063749056123,-1.0332455394900724,-0.5757305293646587,-1.5957481453591469,-0.4250642923224422,-1.8465850832079433,0.06368519943197476,-0.4364482649091215,1.6467772392815079,-0.022903645955110852,-0.17311459516208197,0.4205804014252313
-2.144510670064348,-0.349730436100506,-0.4878723506555461,-0.05029984455054681,-0.5837619825936755,-0.5664441991210495,-0.48308115025700626,0.1633194187900948,-0.7662439127231571,0.4972497966224525,-0.23452485041666637,0.9152253068699256,-0.30010588682941775
1.5405313509173724,0.04542624945860444,-1.3218271142477396,-1.1986967692325623,0.4553058765328468,1.4779932769850448,1.3294309111012712,0.01485051424091115,-0.692999890059099,0.26699051531903184,0.6727159970507537,-0.3268283352042422,0.2762096889826835
-2.140435363464335,-0.9179154863425134,-0.092060497614083,-0.6156792066323512,0.2047467415212394,-0.6980570226313813,0.3638292307486962,0.06692736621251238,1.2283029428677033,-0.3127707142908572,-1.146529799741828,0.3838670983142319,0.46009460576955397
-0.8971248073107896,1.3276792891462472,-0.17613097106041875,1.9991102445872817,0.20360959313221932,0.6353350569526889,-0.16749684998024347,-0.30829135655119827,0.06816027729033208,0.19467215906802687,0.35223084924176884,0.04294316530116901,-0.19316919046815903
-1.1905009673868956,1.141498563392718,0.2612737379545374,-0.6556693461853723,0.02179940880421019,-1.453208309340095,0.14299066634328034,1.1043417039797776,-0.9887499940634678,-0.16939426413893927,-1.073343713885288,0.6519558321040693,0.14431614409132323
-0.27621464348192465,2.3110874011872244,0.664693174375365,-1.4068779836794612,-1.037200200576183,2.3761218784650024,0.4600487367644336,0.5043215329733967,-0.9761261053046155,-0.45395110579625725,0.7171125866913106,-0.2720118801102768,-1.077359367246612
0.17135656666611018,2.732372044588349,1.3116175607050997,1.0261296219191827,1.339421343885698,-0.3656320623400043,0.7234186364668856,-0.3797088517984502,-0.3676245003109926,-0.8858758713263033,-0.7558706682816778,0.7082678701012569,-0.007757403968465313
3.1822080516057576,-1.4594084838945134,-0.2545088144603131,1.5569973680886133,-1.3086869026090946,-0.4485779455301913,0.4460349810788772,1.3462280094264485,0.2626602626540081,-0.20626534971487887,0.31118046907615726,1.1995506244643859,0.4725684891352259
3.2194152462287184,-0.570241779586056,0.49429703988484996,-0.3995946660522156,0.22118854593783954,0.5727635523266029,-1.2390750066383924,-0.06780465765765141,-0.1402277255879266,0.5613495365393432,0.5974504360503226,0.6598045081251646,-0.28039151557382536
2.330569300805047,1.153264025510749,-0.7124879514312439,-0.6036044700991422,-0.2849393139990871,-0.017851515828409124,-2.5783115203884477,-0.5482033040696086,-0.04511109901088968,-0.09375891917829172,0.2636453142656509,0.24031865395714228,0.554598243537265
-0.3563903025671565,-1.67573656445485,-0.9816201069224917,1.550203635079287,-0.44934769579888373,-0.3331179295167697,-0.21354090827832573,-1.047466091054126,-1.4664689733832958,-1.0742715531933622,0.7283465114062965,0.2967885041234291,1.321854358445407
